"Categoría","Código","Nombre","Descripción","Precio"
"Otros","01202","Dragón Nailong","Tamaño: 45cm","1"
"Otros","11","Agenda","","1"
"Otros","01109","Bibble","Tamaño: 26cn","1"
"Garfield","0012","Garfield","Tamaño: 36cm","1"
"Garfield","0151","Garfield","Tamaño: 30cm","1"
"Labubu","01","Manilla Labubu con música y mueve la colita","","1"
"Labubu","182","Llavero Labubu Disfraz","","1"
"Labubu","185","Llavero Moto Labubu con música","","1"
"Minecraft","01113","Minecraft Steve","Tamaño: 33cm","1"
"Minecraft","01113","Minecraft Zombie","Tamaño: 33cm","1"
"Minecraft","01113","Minecraft Creeper","Tamaño: 33cm","1"
"Minecraft","0183","Minecraft Steve","Tamaño: 20cm","1"
"Minecraft","0183","Minecraft Zombie","Tamaño: 20cm","1"
"Oso Cariñosito","01218","Oso Gruñón G","","1"
"Snoopy","0141","Llavero Snoopy Braga","","1"
"Snoopy","123","Llavero Snoopy Ropa","","1"
"Snoopy","134","Snoopy Bufanda","Tamaño: 25cm","1"
"Snoopy","01214","Snoopy Buzo","Tamaño: 22cm","1"
"Snoopy","0197","Snoopy Emilio","Tamaño: 90cm","1"
"Snoopy","0199","Taza Snoopy","","1"
"Snoopy","0190","Snoopy Emilio","Tamaño: 55cm","1"
"Snoopy","01200","Snoopy Acostado","Tamaño: 45cm","1"
"Snoopy","01223","Snoopy Roncador","Tamaño: 30cm","1"
"Snoopy","123","Llavero Snoopy","","1"
"Snoopy","74","Snoopy Aviador","Tamaño: 25cm","1"
"Sonic","39","Sonic","Tamaño: 27cm","1"
"BTS","01126","BTS Chimmy","Tamaño: 20cm","1"
"BTS","01126","BTS Tata","Tamaño: 21cm","1"
"BTS","01126","BTS Koya","Tamaño: 20cm","1"
"BTS","01126","BTS Mang","Tamaño: 20cm","1"
"BTS","01126","BTS Shooky","Tamaño: 20cm","1"
"BTS","01126","BTS Cooky","Tamaño: 24cm","1"
"BTS","01126","BTS RJ","Tamaño: 20cm","1"
"Bob Esponja","0180","Patricio","Tamaño: 43cm","1"
"Bob Esponja","01108","Don Cangrego","Tamaño: 25cm","1"
"Bob Esponja","01108","Bob Esponja","Tamaño: 25cm","1"
"Bob Esponja","804","Bob Esponja","Tamaño: 28cm","1"
"Bluey y Bingo","141","Bluey","Tamaño: 30cm","1"
"Bluey y Bingo","141","Bingo","Tamaño: 30cm","1"
"Disney","01106","Dumbo","Tamaño: 25cm","1"
"Disney","0010","Gato Alicia","Tamaño: 21cm","1"
"Disney","01117","Minnie","Tamaño: 35cm","1"
"Disney","01205","Lotso Acostado","Tamaño: 30cm","1"
"Disney","0179","Sullivan","Tamaño: 25cm","1"
"Disney","0192","Stitch Peludito","Tamaño: 25cm","1"
"Disney","0192","Stitch Pato","Tamaño: 42cm","1"
"Disney","0196","Zootopia Nico","Tamaño: 35cm","1"
"Disney","163","Nemo","Tamaño: 25cm","1"
"Disney","43","Gato Lucifer","Tamaño: 25cm","1"
"Disney","70","Ardilla de Disney","Tamaño: 45cm","1"
"Disney","811","Cars","Tamaño: 17cm","1"
"Disney","01120","Mike Wazowski","Tamaño: 30cm","1"
"Disney","01120","Colección Stitch","Tamaño: 20cm","1"
"Disney","01204","Gato Lucifer","Tamaño: 30cm","1"
"Disney","01209","Mickey Mágico","Tamaño: 35cm","1"
"Disney","0195","Zootopia Judy","Tamaño: 35cm","1"
"Disney","20","Libro de Aventuras de UP","","1"
"Disney","187","Mickey Mágico","Tamaño: 60cm","1"
"Disney","261","Conejito Disney","Tamaño: 25cm","1"
"Disney","286","Moana","Tamaño: 40cm","1"
"Disney","276","Abuelo Up","Tamaño: 22cm","1"
"Disney","01118","Tiro Blanco","Tamaño: 36cm","1"
"Disney","01109","Colección Winnie Pooh","Tamaño: 22cm","1"
"Disney","01134","Winnie Pooh","Tamaño: 28cm","1"
"Disney","0170","Lotso Acostado","Tamaño: 30cm","1"
"Disney","0192","Stitch Trapo","Tamaño: 42cm","1"
"Disney","0198","Stitch Cobija","Tamaño: 45cm","1"
"Disney","167","Jessie Toy Story","Tamaño: 39cm","1"
"Disney","16","Llavero Stitch","","1"
"Disney","194","Woody Toy Story","Tamaño: 30cm","1"
"Disney","194","Boss Toy Story","Tamaño: 30cm","1"
"Disney","183","Llavero Lucifer","","1"
"Disney","252","Pluto","Tamaño: 30cm","1"
"Disney","291","Stitch Respira","Tamaño: 35cm","1"
"Disney","298","Monsters Cobija","Tamaño: 40cm","1"
"Goku","262","Goku","Tamaño: 25cm","1"
"Hot Wheels","179","Hot Wheels","","1"
"Kirby","01124","Llavero Kirby","","1"
"Llaveros","01140","Llavero Cordero Tulipán","","1"
"Llaveros","125","Llavero Red","","1"
"Mario Bros","01212","Yoshi Bebé","Tamaño: 35cm","1"
"Mario Bros","01114","Hongo","Tamaño: 25cm","1"
"Pokemones","0181","Pikachu","Tamaño: 24cm","1"
"Pokemones","212","Pokemon","Tamaño: 36cm","1"
"Pokemones","809","Pikachu","Tamaño: 32cm","1"
"Religiosos","120","Jesús Respira","Tamaño: 40cm","1"
"Religiosos","01203","Virgen María que respira","Tamaño: 40cm","1"
"Star Wars","145","Baby Yoda","Tamaño: 24cm","1"
"Animales","0094","Caballo","Tamaño: 17cm","1"
"Animales","01105","Gato con Sonido","Tamaño: 40cm","1"
"Animales","01130","Unicornio Cute","Tamaño: 25cm","1"
"Animales","01135","Pingüino Buzo","Tamaño: 22cm","1"
"Animales","01219","Ballena Orca","Tamaño: 38cm","1"
"Animales","01213","Pato con Sonido","Tamaño: 20cm","1"
"Animales","01216","Jirafa","Tamaño: 50cm","1"
"Animales","0172","Camaleón","Tamaño: 26cm","1"
"Animales","0185","Oso Cámara","Tamaño: 23cm","1"
"Animales","0187","Cordero Flor","Tamaño: 25cm","1"
"Animales","0194","Elefante","Tamaño: 40cm","1"
"Animales","274","Conejo Pets","Tamaño: 40cm","1"
"Animales","253","Abeja","Tamaño: 30cm","1"
"Animales","61","Cerdo Pua","Tamaño: 27cm","1"
"Animales","01210","Dino Rex Toy","Tamaño: 38cm","1"
"Animales","0096","Oso Panda","Tamaño: 30cm","1"
"Animales","01115","Elefante Bebé","Tamaño: 21cm","1"
"Animales","01129","Unicornio 4","Tamaño: 30cm","1"
"Animales","01121","Gusano","Tamaño: 60cm","1"
"Animales","01131","Elefantico","Tamaño: 19cm","1"
"Animales","01211","Vaca Camisa","Tamaño: 36cm","1"
"Animales","0139","Gorila Manotas","Tamaño: 30cm","1"
"Animales","0171","Pingüino Bolso","Tamaño: 25cm","1"
"Animales","0140","Gorila Manotas P","Tamaño: 20cm","1"
"Animales","0176","Oso Dormilón","Tamaño: 22cm","1"
"Animales","0177","Cerdo Tulipán","Tamaño: 25cm","1"
"Animales","272","Pingüino Dormilón","Tamaño: 35cm","1"
"Animales","273","Mapache","Tamaño: 35cm","1"
"Animales","269","Perezoso","Tamaño: 20cm","1"
"Animales","402","Cordero Flor","Tamaño: 33cm","1"
"Animales","0009","Pingüino Corazón","Tamaño: 20cm","1"
"Animales","01137","Abeja con sonido","Tamaño: 25cm","1"
"Animales","01206","Dino Bebé","Tamaño: 20cm","1"
"Animales","01208","Gusano Peludito","Tamaño: 60cm","1"
"Animales","0188","Caballo con Silla","Tamaño: 21cm","1"
"Animales","0186","Vaca","Tamaño: 27cm","1"
"Animales","106","Pingüino Amor","Tamaño: 40cm","1"
"Animales","250","Aguacate","Tamaño: 24cm","1"
"Animales","256","Pingüino Pez","Tamaño: 45cm","1"
"Animales","814","Oso Ramo","Tamaño: 64cm","1"
"Animales","260","Burro Bebé","Tamaño: 32cm","1"
"Animales","01107","Bartolito","Tamaño: 35cm","1"
"Baby Shark","0182","Baby Shark","Tamaño: 35cm","1"
"Chimuelo","01141","Llavero Chimuelo","","1"
"Chimuelo","01141","Llavero Furia Luminosa","","1"
"Chimuelo","01112","Furia Luminosa","Tamaño: 45cm","1"
"Capybara","0175","Capybara Cobija","Tamaño: 40cm","1"
"Capybara","12","Manilla Capybara Mueve las Alitas","","1"
"Capybara","94","Cartera Capybara","","1"
"Capybara","06","Llavero Capybara Movimiento","","1"
"Capybara","05","Bolso Capybara","Tamaño: 35cm","1"
"Capybara","10","Borrador Capybara","","1"
"Capybara","401","Manilla Capybara Movimiento","","1"
"Gorro Kawai","600","Gorro Kawai con Luces y Movimiento","","1"
"Guerreras K-POP","01138","Guerrera K-POP Zoe","Tamaño: 40cm","1"
"Medias","500","Medias Españolas","","1"
"Payaso Plim Plim","0143","Payaso Plim","Tamaño: 45cm","1"
"Payaso Plim Plim","133","Payaso Plim","Tamaño: 25cm","1"
"Paw Patrol","01217","Paw Patrol","Tamaño: 35cm","1"
"Sanrio","01111","Colección Sanrio","Tamaño: 22cm","1"
"Sanrio","01222","Hello Kitty Cumple","Tamaño: 30cm","1"
"Sanrio","807","Pompompurin","Tamaño: 40cm","1"
"Sanrio","01110","Kuromi","Tamaño: 30cm","1"
"Sanrio","01215","Hello Kitty Clásico","Tamaño: 23cm","1"
"Sanrio","0189","Sanrio Invierno","Tamaño: 21cm","1"
"Sanrio","96","Cartera Sanrio","","1"
"Sanrio","01220","Llavero Hello Kitty","","1"